time,open,high,low,close,volume
2012-02-12,447.47,464.73,447.47,458.23,92330100
2012-02-19,446.23,451.22,439.63,451.22,68481240
2012-02-26,459.71,483.72,459.17,477.77,115568190
2012-03-04,471.23,503.74,476.39,503.54,130594410
2012-03-11,495.45,534.73,478.99,487.03,164739940
2012-03-18,483.35,511.8,476.12,496.87,159126780
2012-03-25,492.57,514.52,491.02,512.84,125195250
2012-04-01,517.02,518.09,493.89,500.07,125338880
2012-04-08,499.97,515.13,498.44,511.51,83851460
2012-04-15,516.64,540.93,513.8,532.3,156029820
2012-04-22,533.26,551.52,529.84,533.74,149880910
2012-04-29,535.39,544.92,528.84,541.2,100439700
2012-05-06,541.77,545.52,532.05,542.5,75613600
2012-05-13,548.0,561.45,546.4,547.94,149184850
2012-05-20,543.51,548.57,500.21,504.61,133549130
2012-05-27,507.94,523.83,499.93,514.27,87929050
2012-06-03,521.47,521.47,504.6,505.65,67987630
2012-06-10,503.83,515.88,490.63,508.15,99967930
2012-06-17,508.09,512.94,498.63,507.94,115539830
2012-06-24,512.35,514.55,499.4,500.34,76492420
2012-07-01,499.37,503.58,489.94,497.73,68576660
2012-07-08,496.45,498.47,483.75,490.64,55634540
2012-07-15,487.62,492.36,479.15,492.36,49990070
2012-07-22,493.47,507.98,484.62,497.43,87439940
2012-07-29,496.99,500.33,487.63,489.61,68266220
2012-08-05,486.88,498.31,486.57,497.38,42020270
2012-08-12,497.9,509.28,497.9,506.6,53948960
2012-08-19,505.09,518.84,504.37,515.55,74454690
2012-08-26,517.47,521.75,446.14,472.75,129713400
2012-09-02,466.52,468.59,446.83,465.29,78439080
2012-09-09,466.57,475.95,462.41,465.94,49221620
2012-09-16,463.93,465.94,449.61,463.9,76769870
2012-09-23,464.18,473.64,445.4,457.53,103584110
2012-09-30,455.45,463.75,453.84,456.48,49946260
2012-10-07,454.82,455.27,447.35,453.2,57669540
2012-10-14,453.12,465.2,452.48,460.18,82375710
2012-10-21,459.56,474.49,459.56,471.26,84135930
2012-10-28,470.72,471.43,459.23,462.16,49035790
2012-11-04,460.57,463.25,441.43,441.9,56176590
2012-11-11,437.29,456.99,437.22,457.23,55452060
2012-11-18,455.92,461.97,452.1,455.67,51343010
2012-11-25,454.07,456.43,449.13,449.73,37781260
2012-12-02,450.54,450.64,439.34,443.68,28090180
2012-12-09,443.6,452.56,440.44,449.81,33606320
2012-12-16,453.05,463.0,452.14,460.74,56819510
2012-12-23,459.33,469.75,459.33,465.24,130958010
2012-12-30,465.35,485.38,463.72,485.38,89824660
2013-01-06,480.73,499.85,483.84,498.31,75479650
2013-01-13,501.01,556.64,498.54,545.72,183440420
2013-01-20,538.43,552.11,529.51,534.97,147117480
2013-01-27,534.72,547.31,518.93,547.31,77590780
2013-02-03,551.84,577.0,551.84,566.09,140742330
2013-02-10,567.61,576.47,556.83,574.18,87538580
2013-02-17,,,,,0
2013-02-24,573.38,578.57,542.52,551.33,119761390
2013-03-03,555.47,558.9,529.76,547.7,85279890
2013-03-10,546.93,549.47,525.8,540.01,66749740
2013-03-17,542.69,553.33,540.41,553.33,105535720
2013-03-24,553.03,566.08,545.23,554.84,71723130
2013-03-31,555.2,563.92,543.26,552.28,54998140
2013-04-07,553.47,577.33,551.8,570.2,97115820
2013-04-14,572.22,581.01,552.24,557.77,97436780
2013-04-21,555.41,555.44,525.82,532.44,57721790
2013-04-28,530.35,540.6,525.43,537.37,49170510
2013-05-05,536.15,539.57,533.69,539.33,13987670
2013-05-12,542.29,555.64,542.29,551.81,65226990
2013-05-19,552.55,558.34,545.74,553.51,69895830
2013-05-26,551.2,570.81,550.7,561.79,88041170
2013-06-02,567.9,591.05,567.9,581.95,131933350
2013-06-09,581.66,588.01,572.54,588.21,111605910
2013-06-16,592.09,593.17,562.97,562.97,103725710
2013-06-23,562.93,563.86,547.87,553.57,120552260
2013-06-30,554.47,556.13,522.47,538.54,116600910
2013-07-07,535.91,549.3,531.45,543.38,69575290
2013-07-14,543.26,548.27,536.52,548.27,64875930
2013-07-21,551.41,557.45,547.04,556.56,96349720
2013-07-28,556.56,560.49,539.83,544.88,107714160
2013-08-04,544.88,546.63,537.05,545.59,50338110
2013-08-11,544.55,556.75,544.17,552.27,52921730
2013-08-18,552.27,561.12,547.53,559.16,73987230
2013-08-25,559.16,565.56,537.73,542.08,104354240
2013-09-01,541.29,543.38,517.75,531.23,84345290
2013-09-08,530.78,535.44,522.86,534.8,51358740
2013-09-15,534.22,534.42,523.38,531.21,54629340
2013-09-22,531.21,537.57,529.56,537.57,120756080
2013-09-29,535.47,549.39,534.53,545.49,102596510
2013-10-06,546.1,555.21,545.43,552.07,123551800
2013-10-13,552.59,560.36,551.86,552.16,109247020
2013-10-20,551.29,560.31,549.63,559.38,94275040
2013-10-27,561.24,566.53,558.61,560.57,131319820
2013-11-03,560.4,560.84,552.54,554.73,62876570
2013-11-10,555.5,562.75,552.24,556.78,99935740
2013-11-17,557.02,559.9,552.35,559.75,110476930
2013-11-24,562.79,571.43,562.54,566.28,143952710
2013-12-01,568.09,573.34,565.31,569.06,109458850
2013-12-08,569.05,572.87,567.24,570.11,126471680
2013-12-15,574.92,575.59,562.55,566.47,117649540
2013-12-22,563.59,568.03,560.68,560.68,105416100
2013-12-29,562.86,567.01,559.99,562.28,89206590
2014-01-05,562.87,564.33,554.68,562.8,71048100
2014-01-12,563.89,581.07,561.12,576.16,123795590
2014-01-19,576.52,612.23,575.5,605.5,171716370
2014-01-26,605.5,640.05,605.5,627.91,176411270
2014-02-02,625.63,625.63,624.15,624.7,28151380
2014-02-09,622.15,632.24,619.28,622.82,75835420
2014-02-16,622.96,645.94,622.46,641.41,256831740
2014-02-23,638.71,654.31,630.1,639.37,288216350
2014-03-02,641.29,676.92,638.1,663.81,281191510
2014-03-09,662.63,663.48,632.49,651.46,218123490
2014-03-16,652.54,673.91,651.78,668.39,249599850
2014-03-23,672.54,688.65,669.54,679.98,363477510
2014-03-30,688.49,690.57,658.32,676.31,316576150
2014-04-06,676.31,678.81,649.14,667.33,222442360
2014-04-13,669.3,677.09,662.36,665.85,162315820
2014-04-20,668.5,668.96,621.13,621.13,211900410
2014-04-27,620.22,637.46,612.26,636.35,124688730
2014-05-04,637.45,638.27,626.58,632.1,35398700
2014-05-11,631.64,631.95,568.97,587.91,188925290
2014-05-18,578.81,589.78,552.56,581.93,192637090
2014-05-25,582.54,600.15,578.52,594.35,150909030
2014-06-01,594.04,622.35,588.05,618.0,154971010
2014-06-08,614.74,617.68,597.7,608.48,91318900
2014-06-15,609.2,620.68,606.3,617.73,135795870
2014-06-22,620.51,622.73,606.96,607.23,185289040
2014-06-29,609.03,622.27,608.67,616.85,121146020
2014-07-06,616.85,633.03,615.06,631.02,157844830
2014-07-13,635.53,639.55,623.73,627.1,153959600
2014-07-20,628.48,644.56,627.08,645.52,137360990
2014-07-27,646.98,650.97,638.97,641.96,122199960
2014-08-03,640.13,640.27,627.45,635.01,166268630
2014-08-10,632.29,647.63,631.14,641.93,191725570
2014-08-17,639.43,650.49,635.82,645.13,209820090
2014-08-24,646.52,657.39,643.29,654.96,303512610
2014-08-31,659.13,678.68,657.74,676.82,342895550
2014-09-07,681.61,684.82,675.32,677.62,193181310
2014-09-14,681.31,683.36,653.53,669.78,321544470
2014-09-21,666.15,674.09,654.54,654.54,464390430
2014-09-28,659.72,663.41,642.83,649.63,246924280
2014-10-05,650.08,663.39,637.99,659.25,322191480
2014-10-12,658.84,663.65,651.52,651.72,265199450
2014-10-19,650.77,653.62,613.76,624.77,243428460
2014-10-26,624.98,639.55,622.21,629.52,201482680
2014-11-02,626.19,638.78,613.23,638.78,227959950
2014-11-09,644.03,646.75,634.05,642.77,201815870
2014-11-16,643.92,647.03,632.28,637.9,285108870
2014-11-23,639.53,640.93,623.66,623.74,290177960
2014-11-30,620.57,625.92,609.72,611.15,262687850
2014-12-07,612.86,628.13,612.68,624.67,223469050
2014-12-14,622.9,623.71,597.97,609.33,235440380
2014-12-21,607.56,610.59,563.92,570.61,329108240
2014-12-28,576.98,594.41,576.98,582.45,167005590
2015-01-04,583.36,601.9,578.33,601.66,146101120
2015-01-11,600.25,619.52,593.46,618.41,238034900
2015-01-18,618.04,624.0,611.9,614.72,262915000
2015-01-25,617.18,618.9,604.35,615.16,171524740
2015-02-01,615.16,619.21,604.98,606.54,199886800
2015-02-08,606.54,609.79,581.24,595.69,165133930
2015-02-15,595.69,618.46,594.72,617.2,154751000
2015-02-22,,,,,0
2015-03-01,617.2,627.94,617.2,618.39,141961720
2015-03-08,618.39,630.72,615.39,622.75,199965820
2015-03-15,622.75,628.07,616.52,616.94,203745160
2015-03-22,616.94,616.94,599.91,603.76,283548490
2015-03-29,603.76,607.4,580.34,583.02,183965510
2015-04-05,583.02,584.99,567.48,577.66,189978860
2015-04-12,577.66,586.9,570.09,583.34,143621860
2015-04-19,583.34,602.83,583.34,599.12,161645360
2015-04-26,599.12,599.89,589.61,596.1,125816570
2015-05-03,596.1,600.36,593.15,593.15,16769490
2015-05-10,593.15,593.95,571.07,582.91,153218230
2015-05-17,579.41,579.41,561.87,561.87,169176700
2015-05-24,559.61,586.58,552.87,586.58,230278400
2015-05-31,585.78,599.22,582.45,589.32,270071970
2015-06-07,591.03,597.2,585.42,592.22,268593090
2015-06-14,596.53,604.63,590.69,604.29,346610530
2015-06-21,605.47,607.6,596.56,603.26,373732670
2015-06-28,608.0,617.82,606.18,608.92,321202170
2015-07-05,608.75,639.87,608.75,639.87,278411130
2015-07-12,643.19,656.46,635.73,648.73,349190750
2015-07-19,652.37,661.97,644.13,651.03,249439820
2015-07-26,646.69,662.05,636.91,657.97,208998200
2015-08-02,657.97,668.8,647.36,647.36,261658310
2015-08-09,642.46,642.61,631.27,638.4,196535250
2015-08-16,637.58,649.99,615.55,618.94,217708010
2015-08-23,618.99,621.01,572.16,587.83,275240000
2015-08-30,580.86,597.81,544.1,597.81,344122800
2015-09-06,596.58,596.58,572.64,578.78,129370150
2015-09-13,577.17,591.1,572.91,583.27,150234710
2015-09-20,585.59,586.19,570.59,582.73,155136410
2015-09-27,583.37,593.93,582.83,588.11,142908070
2015-10-04,588.11,589.64,575.06,583.13,112748780
2015-10-11,582.94,611.15,582.16,605.6,294347770
2015-10-18,609.09,616.35,605.38,609.73,228786650
2015-10-25,610.96,617.16,603.84,616.07,196328990
2015-11-01,619.09,622.09,608.89,619.21,174841050
2015-11-08,619.89,630.38,611.3,622.67,174670380
2015-11-15,623.5,623.5,603.06,622.34,234295670
2015-11-22,620.95,622.51,608.12,611.16,247865830
2015-11-29,611.14,615.96,590.59,590.59,262356960
2015-12-06,589.57,589.76,578.88,582.96,189691430
2015-12-13,581.62,587.62,568.51,578.01,168011400
2015-12-20,581.57,590.01,577.68,578.85,237212650
2015-12-27,581.36,581.92,572.22,579.32,135870900
2016-01-03,579.32,595.57,579.18,595.57,131943240
2016-01-10,593.31,594.68,571.96,575.96,210325030
2016-01-17,574.44,584.03,555.76,555.76,261191430
2016-01-24,543.44,551.88,531.53,539.37,308163790
2016-01-31,546.87,562.79,546.87,561.61,252221640
2016-02-07,562.4,565.97,549.01,563.97,139702760
2016-02-14,,,,,0
2016-02-21,558.64,569.38,554.3,567.51,232714470
2016-02-28,567.87,583.87,567.87,577.71,288161390
2016-03-06,576.98,583.73,570.66,580.94,222596330
2016-03-13,582.6,588.46,580.19,583.89,225353870
2016-03-20,586.63,590.98,581.4,581.95,275059220
2016-03-27,582.85,587.78,571.71,578.24,225732460
2016-04-03,578.45,583.29,566.81,568.27,198576360
2016-04-10,568.01,581.39,563.05,578.97,171644450
2016-04-17,580.79,591.76,580.65,584.47,209791860
2016-04-24,584.14,593.69,572.14,591.6,143609320
2016-05-01,599.85,604.12,593.35,601.25,238130390
2016-05-08,600.63,610.19,597.4,607.55,134724440
2016-05-15,610.78,615.57,597.91,609.97,186234590
2016-05-22,612.03,628.3,608.96,616.4,204080200
2016-05-29,616.81,618.61,605.16,611.0,158301760
2016-06-05,612.4,622.88,612.36,621.05,191761990
2016-06-12,620.61,634.07,615.91,629.27,215699840
2016-06-19,626.68,627.46,615.44,615.75,233204490
2016-06-26,615.98,631.02,591.44,612.69,255955810
2016-07-03,609.64,630.61,601.71,626.34,190849490
2016-07-10,629.19,648.73,629.19,643.56,239719630
2016-07-17,643.77,664.43,633.5,653.63,280199790
2016-07-24,653.82,665.11,626.4,634.34,269188700
2016-07-31,636.37,645.39,627.97,639.17,215577510
2016-08-07,642.04,642.04,608.84,615.06,230452760
2016-08-14,614.38,652.87,609.21,641.11,245283850
2016-08-21,640.59,659.43,639.08,654.42,265631930
2016-08-28,654.43,659.34,642.5,656.71,224017610
2016-09-04,660.07,666.7,654.66,659.09,168407400
2016-09-11,660.24,663.68,647.47,658.66,225673320
2016-09-18,657.61,657.61,639.37,639.37,272210740
2016-09-25,646.47,665.27,643.6,664.31,246820230
2016-10-02,662.79,674.11,661.71,668.44,240706360
2016-10-09,668.47,670.02,654.05,657.54,280990160
2016-10-16,657.58,662.05,641.45,657.59,262031450
2016-10-23,657.08,661.2,648.18,655.17,232164100
2016-10-30,654.17,654.17,639.07,649.27,211296210
2016-11-06,649.28,649.28,627.9,632.54,289846570
2016-11-13,633.03,643.41,620.35,642.0,245196160
2016-11-20,640.06,642.24,632.45,634.35,260871110
2016-11-27,635.82,651.55,634.43,643.38,251658720
2016-12-04,640.75,640.75,622.12,629.64,257918550
2016-12-11,628.6,629.85,614.1,619.64,214720190
2016-12-18,616.5,621.04,606.31,621.04,284968130
2016-12-25,622.19,626.78,614.2,620.75,174880870
2017-01-01,622.91,628.21,621.71,628.21,184514570
2017-01-08,627.65,640.74,627.58,636.34,192854650
2017-01-15,636.82,645.14,636.82,640.07,223056360
2017-01-22,639.59,640.52,630.48,634.28,176254280
2017-01-29,634.81,644.79,634.81,644.79,94988950
2017-02-05,648.11,657.63,646.57,651.18,76718020
2017-02-12,652.5,660.08,649.35,658.78,220696000
2017-02-19,660.03,676.65,659.32,668.1,286059960
2017-02-26,664.9,673.77,661.37,661.81,315684910
2017-03-05,659.63,667.7,649.45,656.77,224384790
2017-03-12,657.26,667.49,656.36,663.49,237485020
2017-03-19,663.86,671.07,659.95,668.35,264574180
2017-03-26,672.52,696.22,672.52,691.76,381642750
2017-04-02,692.82,696.97,685.69,693.22,367506120
2017-04-09,693.42,702.05,685.63,697.62,301439500
2017-04-16,699.54,699.86,674.94,678.45,305141160
2017-04-23,680.27,683.48,665.35,672.6,204446280
2017-04-30,673.12,682.41,665.66,680.49,209173280
2017-05-07,681.7,688.75,680.95,684.17,163290710
2017-05-14,683.15,695.66,680.34,690.84,288733280
2017-05-21,691.33,702.03,691.06,702.03,285353380
2017-05-28,707.27,722.06,706.84,718.87,337403470
2017-06-04,723.27,725.2,711.48,718.33,278994300
2017-06-11,719.05,743.9,720.97,740.2,299982260
2017-06-18,740.65,751.5,736.86,750.07,322084570
2017-06-25,754.03,761.62,752.69,758.24,301391680
2017-07-02,759.9,766.29,751.2,765.41,276149150
2017-07-09,765.52,771.98,760.9,761.61,313572630
2017-07-16,761.69,764.53,743.13,759.97,266314240
2017-07-23,758.53,759.97,728.47,728.47,261107970
2017-07-30,727.57,749.86,723.45,749.86,196476760
2017-08-06,748.88,761.44,747.61,761.44,281722310
2017-08-13,762.13,766.12,737.72,744.99,233742270
2017-08-20,745.48,752.25,738.33,744.3,190290150
2017-08-27,744.23,751.14,736.71,751.14,152064620
2017-09-03,751.59,774.76,749.2,774.06,209382180
2017-09-10,771.91,786.85,771.68,784.74,151290990
2017-09-17,785.06,793.16,775.81,789.49,204804990
2017-09-24,792.16,797.54,785.99,789.7,196850720
2017-10-01,789.81,797.26,785.24,792.72,196397180
2017-10-08,793.64,801.36,785.1,800.42,178977700
2017-10-15,802.89,815.47,798.63,815.47,205436700
2017-10-22,815.27,821.54,811.24,813.99,238869580
2017-10-29,811.49,834.91,804.43,834.91,185579720
2017-11-05,835.33,843.34,826.71,840.04,226742290
2017-11-12,842.91,861.36,839.88,858.2,262100690
2017-11-19,861.0,897.39,858.55,887.41,276615640
2017-11-26,886.49,933.45,883.7,926.21,319133100
2017-12-03,923.8,955.17,923.0,952.46,303534240
2017-12-10,954.31,970.35,919.99,930.25,327263310
2017-12-17,928.39,933.09,883.52,926.7,258626710
2017-12-24,937.81,959.33,926.7,945.88,260762040
2017-12-31,947.06,980.47,944.77,975.52,263871190
2018-01-07,977.2,1014.42,975.49,1007.73,339167370
2018-01-14,1006.25,1058.2,1000.29,1049.86,590120520
2018-01-21,1050.35,1063.46,1013.11,1053.47,550920540
2018-01-28,1059.2,1111.17,1053.47,1104.42,356919220
2018-02-04,1108.98,1118.08,1075.9,1090.4,468705420
2018-02-11,1081.7,1090.4,966.78,996.77,412197130
2018-02-18,1001.7,1055.86,996.77,1054.09,109539800
2018-02-25,1064.55,1089.96,1054.09,1089.96,219143860
2018-03-04,1101.66,1116.79,1089.96,1106.92,437262770
2018-03-11,1113.71,1117.9,1075.78,1106.54,364625660
2018-03-18,1113.42,1121.31,1098.75,1112.93,416151400
2018-03-25,1122.98,1159.1,1112.93,1128.93,387060940
2018-04-01,1126.04,1161.6,1125.03,1153.08,261131960
2018-04-08,1153.11,1180.27,1153.08,1174.37,321663460
2018-04-15,1175.45,1184.45,1121.49,1134.21,373877670
2018-04-22,1133.5,1136.65,1047.76,1089.45,274088240
2018-04-29,1091.18,1098.17,1007.39,1027.97,273563970
2018-05-06,1032.56,1032.56,989.28,1010.89,178804680
2018-05-13,1010.89,1059.68,1003.47,1030.79,263072950
2018-05-20,1030.79,1067.22,989.51,1022.21,219613370
2018-05-27,1022.21,1027.63,936.32,936.32,251184860
2018-06-03,936.32,970.67,881.91,969.15,327151540
2018-06-10,969.15,1034.59,969.15,1025.87,292619550
2018-06-17,1025.87,1034.83,989.53,1005.04,263075350
2018-06-24,1001.79,1006.53,919.26,973.05,248484100
2018-07-01,973.05,988.62,940.15,947.55,173530870
2018-07-08,947.55,947.55,870.49,905.62,270008320
2018-07-15,913.16,916.67,870.59,899.45,198321300
2018-07-22,901.68,946.31,892.39,926.5,239680890
2018-07-29,927.01,944.92,907.84,927.19,243572050
2018-08-05,931.13,949.81,924.38,941.12,251725980
2018-08-12,941.13,954.1,933.84,948.32,228913870
2018-08-19,946.75,969.8,932.84,949.23,311021630
2018-08-26,949.23,963.77,942.33,960.42,253549670
2018-09-02,960.43,978.8,960.43,969.23,282886000
2018-09-09,969.23,978.8,931.79,945.59,197248150
2018-09-16,946.05,967.64,941.07,960.33,259935580
2018-09-23,959.15,978.43,946.06,974.43,343018590
2018-09-30,975.35,996.52,975.35,994.73,309476380
2018-10-07,994.76,1000.57,980.75,980.75,353161360
2018-10-14,979.27,979.27,909.04,943.49,414177010
2018-10-21,964.55,949.26,920.29,931.69,228201990
2018-10-28,933.98,937.98,860.13,881.06,264702900
2018-11-04,878.35,905.55,868.91,903.43,235080060
2018-11-11,903.24,909.69,885.65,885.65,186170390
2018-11-18,881.08,888.81,859.86,869.24,182885190
2018-11-25,869.24,900.7,869.24,890.62,198785720
2018-12-02,889.62,910.43,886.91,894.79,182192650
2018-12-09,896.5,933.24,896.5,929.59,283863240
2018-12-16,928.96,935.32,915.91,918.79,224901090
2018-12-23,914.02,914.02,867.19,873.09,235461400
2018-12-30,870.42,879.72,850.52,854.99,189290750
2019-01-06,870.42,872.62,822.32,840.17,121593500
2019-01-13,843.95,862.88,841.88,860.3,163285370
2019-01-20,859.83,868.38,853.34,854.79,159079770
2019-01-27,856.68,869.53,856.44,867.7,183488380
2019-02-03,867.6,874.0,859.38,859.81,176866690
2019-02-10,,,,,0
2019-02-17,862.2,904.11,862.2,897.74,268979500
2019-02-24,900.6,934.35,899.76,929.5,320600400
2019-03-03,929.57,943.97,904.98,915.32,293070880
2019-03-10,916.27,931.23,913.43,914.74,237372050
2019-03-17,915.0,939.09,911.88,927.06,283980360
2019-03-24,929.16,935.63,906.64,912.27,278265470
2019-03-31,911.51,911.51,889.2,900.13,200324030
2019-04-07,901.0,912.86,897.75,904.69,172132950
2019-04-14,904.92,908.79,887.79,893.1,162984840
2019-04-21,893.1,893.1,877.02,880.52,136683190
2019-04-28,880.9,890.69,873.7,890.55,170937570
2019-05-05,892.11,895.66,889.2,895.42,84297130
2019-05-12,886.39,886.39,867.21,876.45,190374170
2019-05-19,876.38,896.24,874.68,890.53,202442150
2019-05-26,896.98,907.64,884.48,884.48,204324530
2019-06-02,884.1,891.61,875.77,876.29,158583260
2019-06-09,875.64,875.64,851.65,869.56,182803970
2019-06-16,874.7,877.38,857.86,861.65,173089300
2019-06-23,860.74,870.35,845.75,866.53,248585570
2019-06-30,854.21,873.33,848.53,864.24,209481370
2019-07-07,854.21,882.09,865.84,880.23,221140250
2019-07-14,877.12,883.03,866.32,874.99,213360810
2019-07-21,881.1,882.82,870.81,880.79,259466270
2019-07-28,880.49,892.81,878.28,887.84,243346340
2019-08-04,889.0,892.22,874.43,885.29,229745690
2019-08-11,882.91,884.07,858.02,878.62,251934950
2019-08-18,879.03,899.91,867.95,892.44,268761860
2019-08-25,894.79,904.41,889.39,900.53,233238110
2019-09-01,899.1,899.21,882.21,892.51,249681260
2019-09-08,892.51,894.11,883.96,885.95,169621750
2019-09-15,885.95,905.31,881.12,905.05,234104310
2019-09-22,905.0,920.77,902.99,915.16,296819220
2019-09-29,916.15,925.5,906.74,924.83,291227910
2019-10-06,924.83,930.8,911.6,915.16,317914980
2019-10-13,916.51,917.88,906.88,916.68,305335660
2019-10-20,916.9,927.82,916.9,919.13,314378090
2019-10-27,918.01,927.05,912.75,927.05,293348250
2019-11-03,928.01,934.21,922.17,933.55,315664890
2019-11-10,933.96,948.09,932.36,944.7,384277370
2019-11-17,944.72,946.37,922.6,927.36,367851330
2019-11-24,927.49,929.17,885.83,892.31,371236210
2019-12-01,892.31,900.95,882.85,887.47,320486040
2019-12-08,887.47,889.37,865.46,880.43,350893390
2019-12-15,880.16,888.34,869.27,880.55,326630160
2019-12-22,878.88,879.64,858.77,868.37,346391350
2019-12-29,871.63,876.38,864.88,876.38,250996460
2020-01-05,876.61,890.38,876.42,883.28,171565970
2020-01-12,882.51,888.09,861.51,885.52,248809520
2020-01-19,885.52,897.63,880.58,894.84,231259800
2020-01-26,894.6,909.41,891.75,909.09,148764950
2020-02-02,908.2,909.09,848.63,848.63,163403930
2020-02-09,848.42,865.91,803.73,863.49,398935450
2020-02-16,863.28,870.1,848.21,865.86,330783520
2020-02-23,865.83,877.52,858.61,868.89,297017300
2020-03-01,867.56,868.89,823.09,831.97,344412070
2020-03-08,831.25,846.58,827.12,835.97,307402680
2020-03-15,835.65,835.65,674.36,716.65,523153890
2020-03-22,716.65,716.65,668.9,673.7,386272370
2020-03-29,671.05,671.05,619.07,642.23,429969760
2020-04-05,641.92,649.15,598.6,649.15,315896200
2020-04-12,649.15,704.18,649.15,695.74,569193640
2020-04-19,695.84,736.17,695.84,734.98,442479680
2020-04-26,736.1,742.27,692.03,725.05,442046600
2020-05-03,724.14,735.28,711.84,715.33,216337900
2020-05-10,714.9,773.22,706.47,760.15,420645370
2020-05-17,760.86,788.06,760.15,773.95,501208650
2020-05-24,773.95,815.55,770.61,803.14,528904680
2020-05-31,803.35,821.36,799.23,806.23,471065000
2020-06-07,806.44,831.49,806.44,826.47,696572600
2020-06-14,826.79,845.63,782.7,807.76,847342580
2020-06-21,808.58,813.59,778.71,808.28,442894110
2020-06-28,811.47,813.47,791.38,795.53,353783180
2020-07-05,795.11,795.11,765.62,789.87,325691340
2020-07-12,790.08,819.45,789.87,809.02,365949140
2020-07-19,809.03,819.83,798.21,814.16,309162600
2020-07-26,814.0,814.0,760.56,772.29,413020110
2020-08-02,767.3,772.29,722.85,740.73,438692970
2020-08-09,740.33,787.27,738.64,782.15,355030200
2020-08-16,782.5,801.61,781.04,791.98,346344720
2020-08-23,791.89,795.05,782.52,793.6,294273770
2020-08-30,793.46,828.88,793.46,821.93,473915540
2020-09-06,822.01,844.27,820.66,840.54,369290980
2020-09-13,840.64,843.8,816.51,825.56,394330290
2020-09-20,825.69,842.1,825.69,841.26,397896480
2020-09-27,841.28,860.34,841.28,854.71,544001550
2020-10-04,854.84,871.99,850.61,861.51,645734570
2020-10-11,861.51,876.31,861.51,874.53,676054830
2020-10-18,874.72,906.17,871.58,901.59,735675560
2020-10-25,899.61,930.59,899.42,930.3,739735450
2020-11-01,929.5,942.72,875.97,892.55,822448010
2020-11-08,892.68,913.2,889.83,902.91,483404670
2020-11-15,902.91,931.2,902.91,931.2,569517460
2020-11-22,931.4,950.89,915.23,950.89,747551020
2020-11-29,950.98,971.11,946.18,971.11,823438510
2020-12-06,971.39,988.68,951.92,984.34,935523550
2020-12-13,984.25,1008.65,984.07,1008.65,783874300
2020-12-20,1008.86,1037.98,1008.86,1036.65,922484350
2020-12-27,1038.0,1058.91,1013.9,1052.13,970175800
2021-01-03,1053.37,1074.02,1047.45,1070.77,652718240
2021-01-10,1072.44,1156.38,1072.44,1147.86,1086085300
2021-01-17,1148.06,1185.46,1148.06,1182.2,1053998900
2021-01-24,1183.25,1188.53,1073.13,1156.58,1201589200
2021-01-31,1156.55,1164.7,978.85,1048.31,1200989200
2021-02-07,1048.01,1135.5,1025.18,1135.5,838495400
2021-02-14,1135.5,1136.38,1077.4,1129.49,401008100
2021-02-21,1130.19,1188.61,1129.49,1180.59,523541500
2021-02-28,1180.48,1192.04,1153.41,1173.6,886401000
2021-03-07,1173.72,1203.84,1157.45,1174.16,902838700
2021-03-14,1175.19,1193.97,1150.18,1187.81,795484200
2021-03-21,1187.84,1211.54,1177.05,1203.36,833714800
2021-03-28,1204.0,1207.28,1143.08,1167.19,844921700
2021-04-04,1167.3,1243.67,1167.3,1238.03,956572100
2021-04-11,1240.24,1263.03,1238.03,1253.26,990592300
2021-04-18,1254.39,1300.84,1253.26,1276.87,1215600400
2021-04-25,1277.11,1331.56,1262.89,1301.39,933682300
2021-05-02,1301.39,1312.62,1264.57,1312.28,837959700
2021-05-09,1312.08,1360.76,1285.9,1340.73,1067161300
2021-05-16,1339.75,1386.09,1335.39,1380.02,1352037800
2021-05-23,1381.13,1433.01,1367.85,1425.04,1325098700
2021-05-30,1425.11,1460.68,1421.17,1458.78,1264918300
2021-06-06,1459.04,1509.38,1449.66,1508.35,1480949200
2021-06-13,1508.08,1508.65,1426.04,1487.61,1436628000
2021-06-20,1488.88,1504.32,1445.39,1481.3,1140454300
2021-06-27,1481.15,1502.79,1473.11,1500.3,970097200
2021-07-04,1502.02,1558.45,1500.3,1554.59,1107825600
2021-07-11,1557.41,1565.29,1472.81,1494.43,1421366900
2021-07-18,1488.29,1495.92,1395.16,1438.05,1144514700
2021-07-25,1403.96,1438.05,1357.31,1401.53,1037730100
2021-08-01,1397.01,1451.45,1384.87,1447.23,854688100
2021-08-08,1443.6,1491.52,1438.35,1476.79,1048074800
2021-08-15,1472.78,1508.92,1463.48,1484.25,1028289100
2021-08-22,1490.7,1512.27,1436.24,1450.45,1223718600
2021-08-29,1443.67,1445.75,1391.88,1418.57,962291500
2021-09-05,1427.48,1437.38,1418.57,1426.94,483264400
2021-09-12,1433.03,1454.82,1429.55,1448.33,871547500
2021-09-19,1450.0,1459.94,1432.76,1455.59,764702600
2021-09-26,1468.11,1474.66,1433.77,1459.94,750333700
2021-10-03,1462.86,1464.5,1430.89,1441.83,767260800
2021-10-10,1442.87,1476.54,1433.05,1476.54,811363000
2021-10-17,1481.29,1519.11,1480.31,1504.84,822661700
2021-10-24,1508.88,1517.7,1486.26,1488.71,785919100
2021-10-31,1492.35,1534.51,1467.02,1532.35,936046000
2021-11-07,1534.17,1537.59,1513.98,1531.76,1093026800
2021-11-14,1535.12,1542.75,1503.77,1527.94,1044966500
2021-11-21,1534.16,1534.44,1486.59,1500.05,1192106700
2021-11-28,1503.19,1587.0,1500.05,1566.55,1361805100
2021-12-05,1541.22,1568.09,1503.98,1503.98,1101636400
2021-12-12,1507.45,1533.23,1464.91,1519.46,921805400
2021-12-19,1523.74,1529.93,1501.41,1513.56,895494300
2021-12-26,1519.69,1521.62,1470.94,1506.67,1015554600
2022-01-02,1515.24,1537.32,1500.31,1535.71,807873000
2022-01-09,1536.45,1562.93,1532.24,1532.24,862298700
2022-01-16,1531.13,1548.49,1484.93,1523.57,1113916800
2022-01-23,1523.17,1529.28,1464.41,1502.16,1029120300
2022-01-30,1496.36,1535.57,1465.76,1532.24,1025042400
2022-02-06,,,,,0
2022-02-13,1548.38,1570.32,1536.02,1545.92,1025055600
2022-02-20,1530.5,1540.51,1505.07,1531.47,858746200
2022-02-27,1530.65,1547.19,1503.22,1526.5,1018367600
2022-03-06,1525.58,1533.32,1495.16,1525.34,1136204400
2022-03-13,1514.76,1518.32,1469.22,1477.14,961936500
2022-03-20,1471.44,1482.96,1454.34,1476.94,678258500
2022-03-27,1480.29,1519.58,1480.29,1498.36,637341700
2022-04-03,1493.12,1542.47,1477.72,1542.47,768772300
2022-04-10,1558.21,1566.09,1524.31,1524.31,841910100
2022-04-17,1530.3,1534.28,1491.26,1493.74,595028200
2022-04-24,1493.17,1493.24,1419.05,1444.32,816472900
2022-05-01,1444.79,1445.62,1318.5,1417.31,710021800
2022-05-08,1415.43,1415.45,1371.0,1373.21,365908800
2022-05-15,1358.56,1360.64,1219.52,1223.76,851405000
2022-05-22,1254.88,1298.69,1203.51,1282.51,737727900
2022-05-29,1287.49,1336.99,1242.36,1335.68,722189900
2022-06-05,1337.39,1342.87,1313.4,1327.4,604188700
2022-06-12,1328.73,1348.4,1297.98,1325.69,707983700
2022-06-19,1295.26,1300.45,1229.74,1258.03,856571300
2022-06-26,1258.3,1262.83,1212.69,1235.47,679942100
2022-07-03,1238.23,1276.23,1225.64,1252.24,612368900
2022-07-10,1256.2,1260.72,1209.97,1231.54,620676400
2022-07-17,1224.2,1228.48,1200.15,1220.14,591281400
2022-07-24,1225.4,1241.65,1204.61,1228.84,561866300
2022-07-31,1228.11,1243.17,1211.42,1232.0,605719600
2022-08-07,1233.85,1281.46,1233.64,1272.06,869130700
2022-08-14,1270.27,1289.29,1267.04,1280.96,710002100
2022-08-21,1287.13,1311.73,1285.02,1294.93,767200000
2022-08-28,1294.78,1320.16,1275.57,1306.81,653384300
2022-09-04,1296.03,1307.12,1275.4,1301.44,390746800
2022-09-11,1300.5,1305.9,1259.35,1275.64,705151900
2022-09-18,1281.62,1285.17,1248.13,1252.78,593157736
2022-09-25,1251.43,1253.45,1210.65,1215.41,510574500
2022-10-02,1199.39,1201.89,1128.57,1152.01,591903915
2022-10-09,1141.87,1144.95,1027.64,1039.54,811271488
2022-10-16,1025.48,1070.3,987.27,1061.39,795582642
2022-10-23,1051.23,1068.9,1002.09,1010.57,639869649
2022-10-30,1011.54,1046.04,950.19,1029.49,730320154
2022-11-06,1027.57,1049.77,971.72,997.92,977868282
2022-11-13,992.4,999.43,925.02,948.86,997726677
2022-11-20,945.97,977.19,863.31,971.2,1129145201
2022-11-27,970.64,985.18,925.55,967.49,962854248
2022-12-04,974.42,1092.99,974.23,1092.99,1795310688
2022-12-11,1094.39,1120.56,1037.15,1065.08,1564675709
2022-12-18,1071.27,1077.27,1028.37,1064.07,1152902754
2022-12-25,1063.72,1081.55,1011.9,1034.13,1073341906
2023-01-01,1032.42,1033.17,985.67,1005.19,668997000
2023-01-08,1010.52,1075.33,1010.03,1057.4,689001259
2023-01-15,1065.24,1077.45,1052.09,1069.86,677683713
2023-01-22,1072.44,1126.12,1066.78,1121.92,686555243
2023-01-29,1128.45,1142.08,1125.12,1130.65,166064105
2023-02-05,1132.45,1132.97,1081.05,1085.7,1031184606
2023-02-12,1078.72,1096.93,1048.13,1048.74,743111087
2023-02-19,1044.49,1057.59,1024.98,1053.72,691688221
2023-02-26,1052.38,1096.35,1026.92,1030.42,806282631
2023-03-05,1028.67,1037.73,1001.05,1013.35,518621574
2023-03-12,1022.57,1056.56,1014.26,1047.2,716007603
2023-03-19,1042.6,1064.65,1032.51,1047.71,882770922
2023-03-26,1041.86,1056.67,1016.77,1051.42,692778310
2023-04-02,1052.68,1078.15,1046.8,1073.68,858120617
2023-04-09,1080.9,1093.99,1071.6,1078.88,979110896
2023-04-16,1082.62,1087.6,1063.43,1063.43,899279883
2023-04-23,1063.18,1068.54,1045.78,1046.18,590721269
2023-04-30,1049.24,1054.0,1029.94,1051.43,596702527
2023-05-07,1046.32,1047.93,1035.07,1038.46,218599675
2023-05-14,1041.07,1066.44,1041.04,1066.44,674196089
2023-05-21,1067.26,1080.72,1060.72,1068.84,745539103
2023-05-28,1070.37,1076.89,1057.35,1060.81,716742921
2023-06-04,1063.62,1089.22,1060.29,1086.96,923291232
2023-06-11,1097.53,1110.87,1089.37,1100.85,1158864115
2023-06-18,1104.08,1125.62,1092.3,1109.06,1141935654
2023-06-25,1110.01,1127.29,1095.38,1126.76,956445124
2023-07-02,1130.04,1143.53,1118.53,1123.13,1044424342
2023-07-09,1127.12,1134.68,1115.91,1129.43,904318536
2023-07-16,1134.97,1162.16,1132.73,1160.59,1179236627
2023-07-23,1164.52,1186.6,1159.05,1186.6,1121579746
2023-07-30,1191.3,1212.45,1182.45,1212.45,1281559220
2023-08-06,1224.47,1240.99,1207.43,1231.42,1427997457
2023-08-13,1230.38,1254.21,1221.03,1240.77,1205410105
2023-08-20,1245.06,1259.5,1187.03,1190.1,1368491334
2023-08-27,1190.69,1207.84,1158.6,1193.93,1127555389
2023-09-03,1200.26,1235.71,1199.02,1234.53,804635406
2023-09-10,1241.49,1268.05,1238.44,1249.14,1006876931
2023-09-17,1251.38,1260.37,1227.32,1238.81,1399472482
2023-09-24,1235.2,1237.21,1180.11,1197.69,1246834344
2023-10-01,1195.36,1199.65,1141.09,1166.26,1036096128
2023-10-08,1166.64,1173.06,1118.74,1139.78,808514909
2023-10-15,1139.07,1172.14,1135.67,1166.66,708284831
2023-10-22,1165.75,1168.02,1094.78,1123.69,870975990
2023-10-29,1122.73,1124.85,1050.32,1067.57,829946567
2023-11-05,1063.14,1095.71,1034.04,1086.19,888864831
2023-11-12,1094.14,1137.05,1086.85,1109.05,975479766
2023-11-19,1109.14,1144.88,1096.44,1103.53,1081383471
2023-11-26,1091.66,1114.87,1068.59,1087.34,811922403
2023-12-03,1086.89,1097.42,1068.24,1090.39,647226562
2023-12-10,1094.42,1118.81,1093.85,1114.89,1084293604
2023-12-17,1118.79,1124.71,1097.4,1097.4,818592946
2023-12-24,1098.77,1099.53,1076.36,1097.45,661610995
2023-12-31,1099.72,1136.02,1099.44,1131.46,763960136
2024-01-07,1137.11,1167.27,1126.57,1161.14,1015605522
2024-01-14,1164.43,1172.49,1149.61,1163.66,1436531458
2024-01-21,1168.07,1185.23,1155.25,1185.23,1017386680
2024-01-28,1189.98,1193.19,1174.11,1182.82,963845123
2024-02-04,1184.54,1185.62,1163.51,1174.76,1072090818
2024-02-11,1176.74,1214.54,1176.3,1212.7,653196489
2024-02-18,1213.84,1226.09,1213.84,1224.54,497506350
2024-02-25,1228.71,1256.11,1222.94,1223.09,1583915853
2024-03-03,1223.83,1276.9,1220.3,1267.07,1478262809
2024-03-10,1271.05,1288.06,1250.2,1250.2,1503082849
2024-03-17,1250.08,1277.29,1232.4,1256.42,1264865624
2024-03-24,1256.37,1295.79,1215.67,1284.14,1519536961
2024-03-31,1283.64,1306.42,1266.79,1296.9,1160354200
2024-04-07,1293.36,1298.59,1251.84,1257.78,1368912836
2024-04-14,1257.23,1285.3,1248.24,1284.74,1009923157
2024-04-21,1283.98,1287.46,1186.51,1194.03,1350586953
2024-04-28,1204.41,1245.52,1191.61,1240.5,1004599958
2024-05-05,1244.15,1259.83,1239.02,1255.62,376900116
2024-05-12,1262.41,1289.92,1256.67,1277.47,988925222
2024-05-19,1280.1,1312.95,1266.27,1310.15,1142873022
2024-05-26,1317.61,1322.13,1272.98,1283.46,1438046734
2024-06-02,1286.97,1302.56,1263.44,1275.97,1103349401
2024-06-09,1285.07,1314.56,1284.95,1308.03,1194675924
2024-06-16,1314.28,1339.17,1301.43,1316.46,1468258566
2024-06-23,1317.64,1326.88,1300.67,1319.93,1285264045
2024-06-30,1317.31,1319.51,1272.27,1278.32,1178251104
2024-07-07,1278.22,1316.7,1271.2,1316.18,905791661
2024-07-14,1317.01,1324.91,1298.45,1301.81,1034273340
2024-07-21,1301.83,1324.55,1290.05,1302.32,1354894849
2024-07-28,1299.69,1305.96,1262.77,1281.84,1081433558
2024-08-04,1287.85,1303.86,1253.68,1281.01,1088344632
2024-08-11,1262.68,1265.94,1226.37,1264.84,1207039069
2024-08-18,1267.05,1291.89,1259.6,1291.68,903542479
2024-08-25,1296.6,1323.9,1294.21,1321.15,1080478709
2024-09-01,1323.26,1333.56,1315.97,1331.52,1001458918
2024-09-08,1319.88,1322.56,1304.78,1315.39,604123671
2024-09-15,1310.11,1312.49,1285.66,1294.3,781126710
2024-09-22,1292.54,1336.79,1281.16,1326.0,1092086411
2024-09-29,1329.93,1361.2,1318.29,1352.57,1568843389
2024-10-06,1351.21,1371.67,1336.21,1336.21,1531822252
2024-10-13,1342.85,1370.15,1328.45,1362.5,1237676541
2024-10-20,1362.84,1373.66,1346.14,1362.69,1158428406
2024-10-27,1361.28,1366.36,1322.69,1325.54,1179594754
2024-11-03,1324.7,1341.01,1322.97,1325.62,912121182
2024-11-10,1325.94,1336.29,1311.03,1317.34,858244196
2024-11-17,1317.34,1318.71,1270.44,1271.22,1124741646
2024-11-24,1270.71,1292.21,1250.67,1286.07,969207621
2024-12-01,1286.46,1311.67,1285.82,1311.26,676489235
2024-12-08,1315.77,1341.57,1295.73,1337.28,900538689
2024-12-15,1337.23,1344.37,1328.87,1331.58,815959677
2024-12-22,1331.95,1335.4,1309.17,1317.77,696109992
2024-12-29,1321.49,1350.07,1315.01,1346.84,858672347
2025-01-05,1344.92,1347.35,1337.86,1344.75,278456081
